col_start	col_end	mean_coverage	mean_entropy
1540	1639	0.72846	0.63737
1900	1999	0.70642	0.54604
1940	2039	0.72525	0.54421
1960	2059	0.71469	0.54331
1980	2079	0.75405	0.53204
1920	2019	0.74405	0.53017
1740	1839	0.76841	0.52028
